idx	Score
13999	Positive
14000	Positive
14001	Positive
14002	Positive
14003	Positive
14004	Positive
14005	Positive
14006	Positive
14007	Positive
14008	Positive
14009	Positive
14010	Positive
14011	Positive
14012	Positive
14013	Positive
14014	Positive
14015	Positive
14016	Positive
14017	Positive
14018	Positive
14019	Positive
14020	Positive
14021	Positive
14022	Positive
14023	Positive
14024	Positive
14025	Positive
14026	Positive
14027	Positive
14028	Positive
14029	Positive
14030	Positive
14031	Positive
14032	Positive
14033	Positive
14034	Positive
14035	Positive
14036	Positive
14037	Positive
14038	Positive
14039	Positive
14040	Positive
14041	Positive
14042	Positive
14043	Positive
14044	Positive
14045	Positive
14046	Positive
14047	Positive
14048	Positive
14049	Positive
14050	Positive
14051	Positive
14052	Positive
14053	Positive
14054	Positive
14055	Positive
14056	Positive
14057	Positive
14058	Positive
14059	Positive
14060	Positive
14061	Positive
14062	Positive
14063	Positive
14064	Positive
14065	Positive
14066	Positive
14067	Positive
14068	Positive
14069	Positive
14070	Positive
14071	Positive
14072	Positive
14073	Positive
14074	Positive
14075	Positive
14076	Positive
14077	Positive
14078	Positive
14079	Positive
14080	Positive
14081	Positive
14082	Positive
14083	Positive
14084	Positive
14085	Positive
14086	Positive
14087	Positive
14088	Positive
14089	Positive
14090	Positive
14091	Positive
14092	Positive
14093	Positive
14094	Positive
14095	Positive
14096	Positive
14097	Positive
14098	Positive
14099	Positive
14100	Positive
14101	Positive
14102	Positive
14103	Positive
14104	Positive
14105	Positive
14106	Positive
14107	Positive
14108	Positive
14109	Positive
14110	Positive
14111	Positive
14112	Positive
14113	Positive
14114	Positive
14115	Positive
14116	Positive
14117	Positive
14118	Positive
14119	Positive
14120	Positive
14121	Positive
14122	Positive
14123	Positive
14124	Positive
14125	Positive
14126	Positive
14127	Positive
14128	Positive
14129	Positive
14130	Positive
14131	Positive
14132	Positive
14133	Positive
14134	Positive
14135	Positive
14136	Positive
14137	Positive
14138	Positive
14139	Positive
14140	Positive
14141	Positive
14142	Positive
14143	Positive
14144	Positive
14145	Positive
14146	Positive
14147	Positive
14148	Positive
14149	Positive
14150	Positive
14151	Positive
14152	Positive
14153	Positive
14154	Positive
14155	Positive
14156	Positive
14157	Positive
14158	Positive
14159	Positive
14160	Positive
14161	Positive
14162	Positive
14163	Positive
14164	Positive
14165	Positive
14166	Positive
14167	Positive
14168	Positive
14169	Positive
14170	Positive
14171	Positive
14172	Positive
14173	Positive
14174	Positive
14175	Positive
14176	Positive
14177	Positive
14178	Positive
14179	Positive
14180	Positive
14181	Positive
14182	Positive
14183	Positive
14184	Positive
14185	Positive
14186	Positive
14187	Positive
14188	Positive
14189	Positive
14190	Positive
14191	Positive
14192	Positive
14193	Positive
14194	Positive
14195	Positive
14196	Positive
14197	Positive
14198	Positive
14199	Positive
14200	Positive
14201	Positive
14202	Positive
14203	Positive
14204	Positive
14205	Positive
14206	Positive
14207	Positive
14208	Positive
14209	Positive
14210	Positive
14211	Positive
14212	Positive
14213	Positive
14214	Positive
14215	Positive
14216	Positive
14217	Positive
14218	Positive
14219	Positive
14220	Positive
14221	Positive
14222	Positive
14223	Positive
14224	Positive
14225	Positive
14226	Positive
14227	Positive
14228	Positive
14229	Positive
14230	Positive
14231	Positive
14232	Positive
14233	Positive
14234	Positive
14235	Positive
14236	Positive
14237	Positive
14238	Positive
14239	Positive
14240	Positive
14241	Positive
14242	Positive
14243	Positive
14244	Positive
14245	Positive
14246	Positive
14247	Positive
14248	Positive
14249	Positive
14250	Positive
14251	Positive
14252	Positive
14253	Positive
14254	Positive
14255	Positive
14256	Positive
14257	Positive
14258	Positive
14259	Positive
14260	Positive
14261	Positive
14262	Positive
14263	Positive
14264	Positive
14265	Positive
14266	Positive
14267	Positive
14268	Positive
14269	Positive
14270	Positive
14271	Positive
14272	Positive
14273	Positive
14274	Positive
14275	Positive
14276	Positive
14277	Positive
14278	Positive
14279	Positive
14280	Positive
14281	Positive
14282	Positive
14283	Positive
14284	Positive
14285	Positive
14286	Positive
14287	Positive
14288	Positive
14289	Positive
14290	Positive
14291	Positive
14292	Positive
14293	Positive
14294	Positive
14295	Positive
14296	Positive
14297	Positive
14298	Positive
14299	Positive
14300	Positive
14301	Positive
14302	Positive
14303	Positive
14304	Positive
14305	Positive
14306	Positive
14307	Positive
14308	Positive
14309	Positive
14310	Positive
14311	Positive
14312	Positive
14313	Positive
14314	Positive
14315	Positive
14316	Positive
14317	Positive
14318	Positive
14319	Positive
14320	Positive
14321	Positive
14322	Positive
14323	Positive
14324	Positive
14325	Positive
14326	Positive
14327	Positive
14328	Positive
14329	Positive
14330	Positive
14331	Positive
14332	Positive
14333	Positive
14334	Positive
14335	Positive
14336	Positive
14337	Positive
14338	Positive
14339	Positive
14340	Positive
14341	Positive
14342	Positive
14343	Positive
14344	Positive
14345	Positive
14346	Positive
14347	Positive
14348	Positive
14349	Positive
14350	Positive
14351	Positive
14352	Positive
14353	Positive
14354	Positive
14355	Positive
14356	Positive
14357	Positive
14358	Positive
14359	Positive
14360	Positive
14361	Positive
14362	Positive
14363	Positive
14364	Positive
14365	Positive
14366	Positive
14367	Positive
14368	Positive
14369	Positive
14370	Positive
14371	Positive
14372	Positive
14373	Positive
14374	Positive
14375	Positive
14376	Positive
14377	Positive
14378	Positive
14379	Positive
14380	Positive
14381	Positive
14382	Positive
14383	Positive
14384	Positive
14385	Positive
14386	Positive
14387	Positive
14388	Positive
14389	Positive
14390	Positive
14391	Positive
14392	Positive
14393	Positive
14394	Positive
14395	Positive
14396	Positive
14397	Positive
14398	Positive
14399	Positive
14400	Positive
14401	Positive
14402	Positive
14403	Positive
14404	Positive
14405	Positive
14406	Positive
14407	Positive
14408	Positive
14409	Positive
14410	Positive
14411	Positive
14412	Positive
14413	Positive
14414	Positive
14415	Positive
14416	Positive
14417	Positive
14418	Positive
14419	Positive
14420	Positive
14421	Positive
14422	Positive
14423	Positive
14424	Positive
14425	Positive
14426	Positive
14427	Positive
14428	Positive
14429	Positive
14430	Positive
14431	Positive
14432	Positive
14433	Positive
14434	Positive
14435	Positive
14436	Positive
14437	Positive
14438	Positive
14439	Positive
14440	Positive
14441	Positive
14442	Positive
14443	Positive
14444	Positive
14445	Positive
14446	Positive
14447	Positive
14448	Positive
14449	Positive
14450	Positive
14451	Positive
14452	Positive
14453	Positive
14454	Positive
14455	Positive
14456	Positive
14457	Positive
14458	Positive
14459	Positive
14460	Positive
14461	Positive
14462	Positive
14463	Positive
14464	Positive
14465	Positive
14466	Positive
14467	Positive
14468	Positive
14469	Positive
14470	Positive
14471	Positive
14472	Positive
14473	Positive
14474	Positive
14475	Positive
14476	Positive
14477	Positive
14478	Positive
14479	Positive
14480	Positive
14481	Positive
14482	Positive
14483	Positive
14484	Positive
14485	Positive
14486	Positive
14487	Positive
14488	Positive
14489	Positive
14490	Positive
14491	Positive
14492	Positive
14493	Positive
14494	Positive
14495	Positive
14496	Positive
14497	Positive
14498	Positive
14499	Positive
14500	Positive
14501	Positive
14502	Positive
14503	Positive
14504	Positive
14505	Positive
14506	Positive
14507	Positive
14508	Positive
14509	Positive
14510	Positive
14511	Positive
14512	Positive
14513	Positive
14514	Positive
14515	Positive
14516	Positive
14517	Positive
14518	Positive
14519	Positive
14520	Positive
14521	Positive
14522	Positive
14523	Positive
14524	Positive
14525	Positive
14526	Positive
14527	Positive
14528	Positive
14529	Positive
14530	Positive
14531	Positive
14532	Positive
14533	Positive
14534	Positive
14535	Positive
14536	Positive
14537	Positive
14538	Positive
14539	Positive
14540	Positive
14541	Positive
14542	Positive
14543	Positive
14544	Positive
14545	Positive
14546	Positive
14547	Positive
14548	Positive
14549	Positive
14550	Positive
14551	Positive
14552	Positive
14553	Positive
14554	Positive
14555	Positive
14556	Positive
14557	Positive
14558	Positive
14559	Positive
14560	Positive
14561	Positive
14562	Positive
14563	Positive
14564	Positive
14565	Positive
14566	Positive
14567	Positive
14568	Positive
14569	Positive
14570	Positive
14571	Positive
14572	Positive
14573	Positive
14574	Positive
14575	Positive
14576	Positive
14577	Positive
14578	Positive
14579	Positive
14580	Positive
14581	Positive
14582	Positive
14583	Positive
14584	Positive
14585	Positive
14586	Positive
14587	Positive
14588	Positive
14589	Positive
14590	Positive
14591	Positive
14592	Positive
14593	Positive
14594	Positive
14595	Positive
14596	Positive
14597	Positive
14598	Positive
14599	Positive
14600	Positive
14601	Positive
14602	Positive
14603	Positive
14604	Positive
14605	Positive
14606	Positive
14607	Positive
14608	Positive
14609	Positive
14610	Positive
14611	Positive
14612	Positive
14613	Positive
14614	Positive
14615	Positive
14616	Positive
14617	Positive
14618	Positive
14619	Positive
14620	Positive
14621	Positive
14622	Positive
14623	Positive
14624	Positive
14625	Positive
14626	Positive
14627	Positive
14628	Positive
14629	Positive
14630	Positive
14631	Positive
14632	Positive
14633	Positive
14634	Positive
14635	Positive
14636	Positive
14637	Positive
14638	Positive
14639	Positive
14640	Positive
14641	Positive
14642	Positive
14643	Positive
14644	Positive
14645	Positive
14646	Positive
14647	Positive
14648	Positive
14649	Positive
14650	Positive
14651	Positive
14652	Positive
14653	Positive
14654	Positive
14655	Positive
14656	Positive
14657	Positive
14658	Positive
14659	Positive
14660	Positive
14661	Positive
14662	Positive
14663	Positive
14664	Positive
14665	Positive
14666	Positive
14667	Positive
14668	Positive
14669	Positive
14670	Positive
14671	Positive
14672	Positive
14673	Positive
14674	Positive
14675	Positive
14676	Positive
14677	Positive
14678	Positive
14679	Positive
14680	Positive
14681	Positive
14682	Positive
14683	Positive
14684	Positive
14685	Positive
14686	Positive
14687	Positive
14688	Positive
14689	Positive
14690	Positive
14691	Positive
14692	Positive
14693	Positive
14694	Positive
14695	Positive
14696	Positive
14697	Positive
14698	Positive
14699	Positive
14700	Positive
14701	Positive
14702	Positive
14703	Positive
14704	Positive
14705	Positive
14706	Positive
14707	Positive
14708	Positive
14709	Positive
14710	Positive
14711	Positive
14712	Positive
14713	Positive
14714	Positive
14715	Positive
14716	Positive
14717	Positive
14718	Positive
14719	Positive
14720	Positive
14721	Positive
14722	Positive
14723	Positive
14724	Positive
14725	Positive
14726	Positive
14727	Positive
14728	Positive
14729	Positive
14730	Positive
14731	Positive
14732	Positive
14733	Positive
14734	Positive
14735	Positive
14736	Positive
14737	Positive
14738	Positive
14739	Positive
14740	Positive
14741	Positive
14742	Positive
14743	Positive
14744	Positive
14745	Positive
14746	Positive
14747	Positive
14748	Positive
14749	Positive
14750	Positive
14751	Positive
14752	Positive
14753	Positive
14754	Positive
14755	Positive
14756	Positive
14757	Positive
14758	Positive
14759	Positive
14760	Positive
14761	Positive
14762	Positive
14763	Positive
14764	Positive
14765	Positive
14766	Positive
14767	Positive
14768	Positive
14769	Positive
14770	Positive
14771	Positive
14772	Positive
14773	Positive
14774	Positive
14775	Positive
14776	Positive
14777	Positive
14778	Positive
14779	Positive
14780	Positive
14781	Positive
14782	Positive
14783	Positive
14784	Positive
14785	Positive
14786	Positive
14787	Positive
14788	Positive
14789	Positive
14790	Positive
14791	Positive
14792	Positive
14793	Positive
14794	Positive
14795	Positive
14796	Positive
14797	Positive
14798	Positive
14799	Positive
14800	Positive
14801	Positive
14802	Positive
14803	Positive
14804	Positive
14805	Positive
14806	Positive
14807	Positive
14808	Positive
14809	Positive
14810	Positive
14811	Positive
14812	Positive
14813	Positive
14814	Positive
14815	Positive
14816	Positive
14817	Positive
14818	Positive
14819	Positive
14820	Positive
14821	Positive
14822	Positive
14823	Positive
14824	Positive
14825	Positive
14826	Positive
14827	Positive
14828	Positive
14829	Positive
14830	Positive
14831	Positive
14832	Positive
14833	Positive
14834	Positive
14835	Positive
14836	Positive
14837	Positive
14838	Positive
14839	Positive
14840	Positive
14841	Positive
14842	Positive
14843	Positive
14844	Positive
14845	Positive
14846	Positive
14847	Positive
14848	Positive
14849	Positive
14850	Positive
14851	Positive
14852	Positive
14853	Positive
14854	Positive
14855	Positive
14856	Positive
14857	Positive
14858	Positive
14859	Positive
14860	Positive
14861	Positive
14862	Positive
14863	Positive
14864	Positive
14865	Positive
14866	Positive
14867	Positive
14868	Positive
14869	Positive
14870	Positive
14871	Positive
14872	Positive
14873	Positive
14874	Positive
14875	Positive
14876	Positive
14877	Positive
14878	Positive
14879	Positive
14880	Positive
14881	Positive
14882	Positive
14883	Positive
14884	Positive
14885	Positive
14886	Positive
14887	Positive
14888	Positive
14889	Positive
14890	Positive
14891	Positive
14892	Positive
14893	Positive
14894	Positive
14895	Positive
14896	Positive
14897	Positive
14898	Positive
14899	Positive
14900	Positive
14901	Positive
14902	Positive
14903	Positive
14904	Positive
14905	Positive
14906	Positive
14907	Positive
14908	Positive
14909	Positive
14910	Positive
14911	Positive
14912	Positive
14913	Positive
14914	Positive
14915	Positive
14916	Positive
14917	Positive
14918	Positive
14919	Positive
14920	Positive
14921	Positive
14922	Positive
14923	Positive
14924	Positive
14925	Positive
14926	Positive
14927	Positive
14928	Positive
14929	Positive
14930	Positive
14931	Positive
14932	Positive
14933	Positive
14934	Positive
14935	Positive
14936	Positive
14937	Positive
14938	Positive
14939	Positive
14940	Positive
14941	Positive
14942	Positive
14943	Positive
14944	Positive
14945	Positive
14946	Positive
14947	Positive
14948	Positive
14949	Positive
14950	Positive
14951	Positive
14952	Positive
14953	Positive
14954	Positive
14955	Positive
14956	Positive
14957	Positive
14958	Positive
14959	Positive
14960	Positive
14961	Positive
14962	Positive
14963	Positive
14964	Positive
14965	Positive
14966	Positive
14967	Positive
14968	Positive
14969	Positive
14970	Positive
14971	Positive
14972	Positive
14973	Positive
14974	Positive
14975	Positive
14976	Positive
14977	Positive
14978	Positive
14979	Positive
14980	Positive
14981	Positive
14982	Positive
14983	Positive
14984	Positive
14985	Positive
14986	Positive
14987	Positive
14988	Positive
14989	Positive
14990	Positive
14991	Positive
14992	Positive
14993	Positive
14994	Positive
14995	Positive
14996	Positive
14997	Positive
14998	Positive
14999	Positive
15000	Positive
15001	Positive
15002	Positive
15003	Positive
15004	Positive
15005	Positive
15006	Positive
15007	Positive
15008	Positive
15009	Positive
15010	Positive
15011	Positive
15012	Positive
15013	Positive
15014	Positive
15015	Positive
15016	Positive
15017	Positive
15018	Positive
15019	Positive
15020	Positive
15021	Positive
15022	Positive
15023	Positive
15024	Positive
15025	Positive
15026	Positive
15027	Positive
15028	Positive
15029	Positive
15030	Positive
15031	Positive
15032	Positive
15033	Positive
15034	Positive
15035	Positive
15036	Positive
15037	Positive
15038	Positive
15039	Positive
15040	Positive
15041	Positive
15042	Positive
15043	Positive
15044	Positive
15045	Positive
15046	Positive
15047	Positive
15048	Positive
15049	Positive
15050	Positive
15051	Positive
15052	Positive
15053	Positive
15054	Positive
15055	Positive
15056	Positive
15057	Positive
15058	Positive
15059	Positive
15060	Positive
15061	Positive
15062	Positive
15063	Positive
15064	Positive
15065	Positive
15066	Positive
15067	Positive
15068	Positive
15069	Positive
15070	Positive
15071	Positive
15072	Positive
15073	Positive
15074	Positive
15075	Positive
15076	Positive
15077	Positive
15078	Positive
15079	Positive
15080	Positive
15081	Positive
15082	Positive
15083	Positive
15084	Positive
15085	Positive
15086	Positive
15087	Positive
15088	Positive
15089	Positive
15090	Positive
15091	Positive
15092	Positive
15093	Positive
15094	Positive
15095	Positive
15096	Positive
15097	Positive
15098	Positive
15099	Positive
15100	Positive
15101	Positive
15102	Positive
15103	Positive
15104	Positive
15105	Positive
15106	Positive
15107	Positive
15108	Positive
15109	Positive
15110	Positive
15111	Positive
15112	Positive
15113	Positive
15114	Positive
15115	Positive
15116	Positive
15117	Positive
15118	Positive
15119	Positive
15120	Positive
15121	Positive
15122	Positive
15123	Positive
15124	Positive
15125	Positive
15126	Positive
15127	Positive
15128	Positive
15129	Positive
15130	Positive
15131	Positive
15132	Positive
15133	Positive
15134	Positive
15135	Positive
15136	Positive
15137	Positive
15138	Positive
15139	Positive
15140	Positive
15141	Positive
15142	Positive
15143	Positive
15144	Positive
15145	Positive
15146	Positive
15147	Positive
15148	Positive
15149	Positive
15150	Positive
15151	Positive
15152	Positive
15153	Positive
15154	Positive
15155	Positive
15156	Positive
15157	Positive
15158	Positive
15159	Positive
15160	Positive
15161	Positive
15162	Positive
15163	Positive
15164	Positive
15165	Positive
15166	Positive
15167	Positive
15168	Positive
15169	Positive
15170	Positive
15171	Positive
15172	Positive
15173	Positive
15174	Positive
15175	Positive
15176	Positive
15177	Positive
15178	Positive
15179	Positive
15180	Positive
15181	Positive
15182	Positive
15183	Positive
15184	Positive
15185	Positive
15186	Positive
15187	Positive
15188	Positive
15189	Positive
15190	Positive
15191	Positive
15192	Positive
15193	Positive
15194	Positive
15195	Positive
15196	Positive
15197	Positive
15198	Positive
15199	Positive
15200	Positive
15201	Positive
15202	Positive
15203	Positive
15204	Positive
15205	Positive
15206	Positive
15207	Positive
15208	Positive
15209	Positive
15210	Positive
15211	Positive
15212	Positive
15213	Positive
15214	Positive
15215	Positive
15216	Positive
15217	Positive
15218	Positive
15219	Positive
15220	Positive
15221	Positive
15222	Positive
15223	Positive
15224	Positive
15225	Positive
15226	Positive
15227	Positive
15228	Positive
15229	Positive
15230	Positive
15231	Positive
15232	Positive
15233	Positive
15234	Positive
15235	Positive
15236	Positive
15237	Positive
15238	Positive
15239	Positive
15240	Positive
15241	Positive
15242	Positive
15243	Positive
15244	Positive
15245	Positive
15246	Positive
15247	Positive
15248	Positive
15249	Positive
15250	Positive
15251	Positive
15252	Positive
15253	Positive
15254	Positive
15255	Positive
15256	Positive
15257	Positive
15258	Positive
15259	Positive
15260	Positive
15261	Positive
15262	Positive
15263	Positive
15264	Positive
15265	Positive
15266	Positive
15267	Positive
15268	Positive
15269	Positive
15270	Positive
15271	Positive
15272	Positive
15273	Positive
15274	Positive
15275	Positive
15276	Positive
15277	Positive
15278	Positive
15279	Positive
15280	Positive
15281	Positive
15282	Positive
15283	Positive
15284	Positive
15285	Positive
15286	Positive
15287	Positive
15288	Positive
15289	Positive
15290	Positive
15291	Positive
15292	Positive
15293	Positive
15294	Positive
15295	Positive
15296	Positive
15297	Positive
15298	Positive
15299	Positive
15300	Positive
15301	Positive
15302	Positive
15303	Positive
15304	Positive
15305	Positive
15306	Positive
15307	Positive
15308	Positive
15309	Positive
15310	Positive
15311	Positive
15312	Positive
15313	Positive
15314	Positive
15315	Positive
15316	Positive
15317	Positive
15318	Positive
15319	Positive
15320	Positive
15321	Positive
15322	Positive
15323	Positive
15324	Positive
15325	Positive
15326	Positive
15327	Positive
15328	Positive
15329	Positive
15330	Positive
15331	Positive
15332	Positive
15333	Positive
15334	Positive
15335	Positive
15336	Positive
15337	Positive
15338	Positive
15339	Positive
15340	Positive
15341	Positive
15342	Positive
15343	Positive
15344	Positive
15345	Positive
15346	Positive
15347	Positive
15348	Positive
15349	Positive
15350	Positive
15351	Positive
15352	Positive
15353	Positive
15354	Positive
15355	Positive
15356	Positive
15357	Positive
15358	Positive
15359	Positive
15360	Positive
15361	Positive
15362	Positive
15363	Positive
15364	Positive
15365	Positive
15366	Positive
15367	Positive
15368	Positive
15369	Positive
15370	Positive
15371	Positive
15372	Positive
15373	Positive
15374	Positive
15375	Positive
15376	Positive
15377	Positive
15378	Positive
15379	Positive
15380	Positive
15381	Positive
15382	Positive
15383	Positive
15384	Positive
15385	Positive
15386	Positive
15387	Positive
15388	Positive
15389	Positive
15390	Positive
15391	Positive
15392	Positive
15393	Positive
15394	Positive
15395	Positive
15396	Positive
15397	Positive
15398	Positive
15399	Positive
15400	Positive
15401	Positive
15402	Positive
15403	Positive
15404	Positive
15405	Positive
15406	Positive
15407	Positive
15408	Positive
15409	Positive
15410	Positive
15411	Positive
15412	Positive
15413	Positive
15414	Positive
15415	Positive
15416	Positive
15417	Positive
15418	Positive
15419	Positive
15420	Positive
15421	Positive
15422	Positive
15423	Positive
15424	Positive
15425	Positive
15426	Positive
15427	Positive
15428	Positive
15429	Positive
15430	Positive
15431	Positive
15432	Positive
15433	Positive
15434	Positive
15435	Positive
15436	Positive
15437	Positive
15438	Positive
15439	Positive
15440	Positive
15441	Positive
15442	Positive
15443	Positive
15444	Positive
15445	Positive
15446	Positive
15447	Positive
15448	Positive
15449	Positive
15450	Positive
15451	Positive
15452	Positive
15453	Positive
15454	Positive
15455	Positive
15456	Positive
15457	Positive
15458	Positive
15459	Positive
15460	Positive
15461	Positive
15462	Positive
15463	Positive
15464	Positive
15465	Positive
15466	Positive
15467	Positive
15468	Positive
15469	Positive
15470	Positive
15471	Positive
15472	Positive
15473	Positive
15474	Positive
15475	Positive
15476	Positive
15477	Positive
15478	Positive
15479	Positive
15480	Positive
15481	Positive
15482	Positive
15483	Positive
15484	Positive
15485	Positive
15486	Positive
15487	Positive
15488	Positive
15489	Positive
15490	Positive
15491	Positive
15492	Positive
15493	Positive
15494	Positive
15495	Positive
15496	Positive
15497	Positive
15498	Positive
15499	Positive
15500	Positive
15501	Positive
15502	Positive
15503	Positive
15504	Positive
15505	Positive
15506	Positive
15507	Positive
15508	Positive
15509	Positive
15510	Positive
15511	Positive
15512	Positive
15513	Positive
15514	Positive
15515	Positive
15516	Positive
15517	Positive
15518	Positive
15519	Positive
15520	Positive
15521	Positive
15522	Positive
15523	Positive
15524	Positive
15525	Positive
15526	Positive
15527	Positive
15528	Positive
15529	Positive
15530	Positive
15531	Positive
15532	Positive
15533	Positive
15534	Positive
15535	Positive
15536	Positive
15537	Positive
15538	Positive
15539	Positive
15540	Positive
15541	Positive
15542	Positive
15543	Positive
15544	Positive
15545	Positive
15546	Positive
15547	Positive
15548	Positive
15549	Positive
15550	Positive
15551	Positive
15552	Positive
15553	Positive
15554	Positive
15555	Positive
15556	Positive
15557	Positive
15558	Positive
15559	Positive
15560	Positive
15561	Positive
15562	Positive
15563	Positive
15564	Positive
15565	Positive
15566	Positive
15567	Positive
15568	Positive
15569	Positive
15570	Positive
15571	Positive
15572	Positive
15573	Positive
15574	Positive
15575	Positive
15576	Positive
15577	Positive
15578	Positive
15579	Positive
15580	Positive
15581	Positive
15582	Positive
15583	Positive
15584	Positive
15585	Positive
15586	Positive
15587	Positive
15588	Positive
15589	Positive
15590	Positive
15591	Positive
15592	Positive
15593	Positive
15594	Positive
15595	Positive
15596	Positive
15597	Positive
15598	Positive
15599	Positive
15600	Positive
15601	Positive
15602	Positive
15603	Positive
15604	Positive
15605	Positive
15606	Positive
15607	Positive
15608	Positive
15609	Positive
15610	Positive
15611	Positive
15612	Positive
15613	Positive
15614	Positive
15615	Positive
15616	Positive
15617	Positive
15618	Positive
15619	Positive
15620	Positive
15621	Positive
15622	Positive
15623	Positive
15624	Positive
15625	Positive
15626	Positive
15627	Positive
15628	Positive
15629	Positive
15630	Positive
15631	Positive
15632	Positive
15633	Positive
15634	Positive
15635	Positive
15636	Positive
15637	Positive
15638	Positive
15639	Positive
15640	Positive
15641	Positive
15642	Positive
15643	Positive
15644	Positive
15645	Positive
15646	Positive
15647	Positive
15648	Positive
15649	Positive
15650	Positive
15651	Positive
15652	Positive
15653	Positive
15654	Positive
15655	Positive
15656	Positive
15657	Positive
15658	Positive
15659	Positive
15660	Positive
15661	Positive
15662	Positive
15663	Positive
15664	Positive
15665	Positive
15666	Positive
15667	Positive
15668	Positive
15669	Positive
15670	Positive
15671	Positive
15672	Positive
15673	Positive
15674	Positive
15675	Positive
15676	Positive
15677	Positive
15678	Positive
15679	Positive
15680	Positive
15681	Positive
15682	Positive
15683	Positive
15684	Positive
15685	Positive
15686	Positive
15687	Positive
15688	Positive
15689	Positive
15690	Positive
15691	Positive
15692	Positive
15693	Positive
15694	Positive
15695	Positive
15696	Positive
15697	Positive
15698	Positive
15699	Positive
15700	Positive
15701	Positive
15702	Positive
15703	Positive
15704	Positive
15705	Positive
15706	Positive
15707	Positive
15708	Positive
15709	Positive
15710	Positive
15711	Positive
15712	Positive
15713	Positive
15714	Positive
15715	Positive
15716	Positive
15717	Positive
15718	Positive
15719	Positive
15720	Positive
15721	Positive
15722	Positive
15723	Positive
15724	Positive
15725	Positive
15726	Positive
15727	Positive
15728	Positive
15729	Positive
15730	Positive
15731	Positive
15732	Positive
15733	Positive
15734	Positive
15735	Positive
15736	Positive
15737	Positive
15738	Positive
15739	Positive
15740	Positive
15741	Positive
15742	Positive
15743	Positive
15744	Positive
15745	Positive
15746	Positive
15747	Positive
15748	Positive
15749	Positive
15750	Positive
15751	Positive
15752	Positive
15753	Positive
15754	Positive
15755	Positive
15756	Positive
15757	Positive
15758	Positive
15759	Positive
15760	Positive
15761	Positive
15762	Positive
15763	Positive
15764	Positive
15765	Positive
15766	Positive
15767	Positive
15768	Positive
15769	Positive
15770	Positive
15771	Positive
15772	Positive
15773	Positive
15774	Positive
15775	Positive
15776	Positive
15777	Positive
15778	Positive
15779	Positive
15780	Positive
15781	Positive
15782	Positive
15783	Positive
15784	Positive
15785	Positive
15786	Positive
15787	Positive
15788	Positive
15789	Positive
15790	Positive
15791	Positive
15792	Positive
15793	Positive
15794	Positive
15795	Positive
15796	Positive
15797	Positive
15798	Positive
15799	Positive
15800	Positive
15801	Positive
15802	Positive
15803	Positive
15804	Positive
15805	Positive
15806	Positive
15807	Positive
15808	Positive
15809	Positive
15810	Positive
15811	Positive
15812	Positive
15813	Positive
15814	Positive
15815	Positive
15816	Positive
15817	Positive
15818	Positive
15819	Positive
15820	Positive
15821	Positive
15822	Positive
15823	Positive
15824	Positive
15825	Positive
15826	Positive
15827	Positive
15828	Positive
15829	Positive
15830	Positive
15831	Positive
15832	Positive
15833	Positive
15834	Positive
15835	Positive
15836	Positive
15837	Positive
15838	Positive
15839	Positive
15840	Positive
15841	Positive
15842	Positive
15843	Positive
15844	Positive
15845	Positive
15846	Positive
15847	Positive
15848	Positive
15849	Positive
15850	Positive
15851	Positive
15852	Positive
15853	Positive
15854	Positive
15855	Positive
15856	Positive
15857	Positive
15858	Positive
15859	Positive
15860	Positive
15861	Positive
15862	Positive
15863	Positive
15864	Positive
15865	Positive
15866	Positive
15867	Positive
15868	Positive
15869	Positive
15870	Positive
15871	Positive
15872	Positive
15873	Positive
15874	Positive
15875	Positive
15876	Positive
15877	Positive
15878	Positive
15879	Positive
15880	Positive
15881	Positive
15882	Positive
15883	Positive
15884	Positive
15885	Positive
15886	Positive
15887	Positive
15888	Positive
15889	Positive
15890	Positive
15891	Positive
15892	Positive
15893	Positive
15894	Positive
15895	Positive
15896	Positive
15897	Positive
15898	Positive
15899	Positive
15900	Positive
15901	Positive
15902	Positive
15903	Positive
15904	Positive
15905	Positive
15906	Positive
15907	Positive
15908	Positive
15909	Positive
15910	Positive
15911	Positive
15912	Positive
15913	Positive
15914	Positive
15915	Positive
15916	Positive
15917	Positive
15918	Positive
15919	Positive
15920	Positive
15921	Positive
15922	Positive
15923	Positive
15924	Positive
15925	Positive
15926	Positive
15927	Positive
15928	Positive
15929	Positive
15930	Positive
15931	Positive
15932	Positive
15933	Positive
15934	Positive
15935	Positive
15936	Positive
15937	Positive
15938	Positive
15939	Positive
15940	Positive
15941	Positive
15942	Positive
15943	Positive
15944	Positive
15945	Positive
15946	Positive
15947	Positive
15948	Positive
15949	Positive
15950	Positive
15951	Positive
15952	Positive
15953	Positive
15954	Positive
15955	Positive
15956	Positive
15957	Positive
15958	Positive
15959	Positive
15960	Positive
15961	Positive
15962	Positive
15963	Positive
15964	Positive
15965	Positive
15966	Positive
15967	Positive
15968	Positive
15969	Positive
15970	Positive
15971	Positive
15972	Positive
15973	Positive
15974	Positive
15975	Positive
15976	Positive
15977	Positive
15978	Positive
15979	Positive
15980	Positive
15981	Positive
15982	Positive
15983	Positive
15984	Positive
15985	Positive
15986	Positive
15987	Positive
15988	Positive
15989	Positive
15990	Positive
15991	Positive
15992	Positive
15993	Positive
15994	Positive
15995	Positive
15996	Positive
15997	Positive
15998	Positive
15999	Positive
16000	Positive
16001	Positive
16002	Positive
16003	Positive
16004	Positive
16005	Positive
16006	Positive
16007	Positive
16008	Positive
16009	Positive
16010	Positive
16011	Positive
16012	Positive
16013	Positive
16014	Positive
16015	Positive
16016	Positive
16017	Positive
16018	Positive
16019	Positive
16020	Positive
16021	Positive
16022	Positive
16023	Positive
16024	Positive
16025	Positive
16026	Positive
16027	Positive
16028	Positive
16029	Positive
16030	Positive
16031	Positive
16032	Positive
16033	Positive
16034	Positive
16035	Positive
16036	Positive
16037	Positive
16038	Positive
16039	Positive
16040	Positive
16041	Positive
16042	Positive
16043	Positive
16044	Positive
16045	Positive
16046	Positive
16047	Positive
16048	Positive
16049	Positive
16050	Positive
16051	Positive
16052	Positive
16053	Positive
16054	Positive
16055	Positive
16056	Positive
16057	Positive
16058	Positive
16059	Positive
16060	Positive
16061	Positive
16062	Positive
16063	Positive
16064	Positive
16065	Positive
16066	Positive
16067	Positive
16068	Positive
16069	Positive
16070	Positive
16071	Positive
16072	Positive
16073	Positive
16074	Positive
16075	Positive
16076	Positive
16077	Positive
16078	Positive
16079	Positive
16080	Positive
16081	Positive
16082	Positive
16083	Positive
16084	Positive
16085	Positive
16086	Positive
16087	Positive
16088	Positive
16089	Positive
16090	Positive
16091	Positive
16092	Positive
16093	Positive
16094	Positive
16095	Positive
16096	Positive
16097	Positive
16098	Positive
16099	Positive
16100	Positive
16101	Positive
16102	Positive
16103	Positive
16104	Positive
16105	Positive
16106	Positive
16107	Positive
16108	Positive
16109	Positive
16110	Positive
16111	Positive
16112	Positive
16113	Positive
16114	Positive
16115	Positive
16116	Positive
16117	Positive
16118	Positive
16119	Positive
16120	Positive
16121	Positive
16122	Positive
16123	Positive
16124	Positive
16125	Positive
16126	Positive
16127	Positive
16128	Positive
16129	Positive
16130	Positive
16131	Positive
16132	Positive
16133	Positive
16134	Positive
16135	Positive
16136	Positive
16137	Positive
16138	Positive
16139	Positive
16140	Positive
16141	Positive
16142	Positive
16143	Positive
16144	Positive
16145	Positive
16146	Positive
16147	Positive
16148	Positive
16149	Positive
16150	Positive
16151	Positive
16152	Positive
16153	Positive
16154	Positive
16155	Positive
16156	Positive
16157	Positive
16158	Positive
16159	Positive
16160	Positive
16161	Positive
16162	Positive
16163	Positive
16164	Positive
16165	Positive
16166	Positive
16167	Positive
16168	Positive
16169	Positive
16170	Positive
16171	Positive
16172	Positive
16173	Positive
16174	Positive
16175	Positive
16176	Positive
16177	Positive
16178	Positive
16179	Positive
16180	Positive
16181	Positive
16182	Positive
16183	Positive
16184	Positive
16185	Positive
16186	Positive
16187	Positive
16188	Positive
16189	Positive
16190	Positive
16191	Positive
16192	Positive
16193	Positive
16194	Positive
16195	Positive
16196	Positive
16197	Positive
16198	Positive
16199	Positive
16200	Positive
16201	Positive
16202	Positive
16203	Positive
16204	Positive
16205	Positive
16206	Positive
16207	Positive
16208	Positive
16209	Positive
16210	Positive
16211	Positive
16212	Positive
16213	Positive
16214	Positive
16215	Positive
16216	Positive
16217	Positive
16218	Positive
16219	Positive
16220	Positive
16221	Positive
16222	Positive
16223	Positive
16224	Positive
16225	Positive
16226	Positive
16227	Positive
16228	Positive
16229	Positive
16230	Positive
16231	Positive
16232	Positive
16233	Positive
16234	Positive
16235	Positive
16236	Positive
16237	Positive
16238	Positive
16239	Positive
16240	Positive
16241	Positive
16242	Positive
16243	Positive
16244	Positive
16245	Positive
16246	Positive
16247	Positive
16248	Positive
16249	Positive
16250	Positive
16251	Positive
16252	Positive
16253	Positive
16254	Positive
16255	Positive
16256	Positive
16257	Positive
16258	Positive
16259	Positive
16260	Positive
16261	Positive
16262	Positive
16263	Positive
16264	Positive
16265	Positive
16266	Positive
16267	Positive
16268	Positive
16269	Positive
16270	Positive
16271	Positive
16272	Positive
16273	Positive
16274	Positive
16275	Positive
16276	Positive
16277	Positive
16278	Positive
16279	Positive
16280	Positive
16281	Positive
16282	Positive
16283	Positive
16284	Positive
16285	Positive
16286	Positive
16287	Positive
16288	Positive
16289	Positive
16290	Positive
16291	Positive
16292	Positive
16293	Positive
16294	Positive
16295	Positive
16296	Positive
16297	Positive
16298	Positive
16299	Positive
16300	Positive
16301	Positive
16302	Positive
16303	Positive
16304	Positive
16305	Positive
16306	Positive
16307	Positive
16308	Positive
16309	Positive
16310	Positive
16311	Positive
16312	Positive
16313	Positive
16314	Positive
16315	Positive
16316	Positive
16317	Positive
16318	Positive
16319	Positive
16320	Positive
16321	Positive
16322	Positive
16323	Positive
16324	Positive
16325	Positive
16326	Positive
16327	Positive
16328	Positive
16329	Positive
16330	Positive
16331	Positive
16332	Positive
16333	Positive
16334	Positive
16335	Positive
16336	Positive
16337	Positive
16338	Positive
16339	Positive
16340	Positive
16341	Positive
16342	Positive
16343	Positive
16344	Positive
16345	Positive
16346	Positive
16347	Positive
16348	Positive
16349	Positive
16350	Positive
16351	Positive
16352	Positive
16353	Positive
16354	Positive
16355	Positive
16356	Positive
16357	Positive
16358	Positive
16359	Positive
16360	Positive
16361	Positive
16362	Positive
16363	Positive
16364	Positive
16365	Positive
16366	Positive
16367	Positive
16368	Positive
16369	Positive
16370	Positive
16371	Positive
16372	Positive
16373	Positive
16374	Positive
16375	Positive
16376	Positive
16377	Positive
16378	Positive
16379	Positive
16380	Positive
16381	Positive
16382	Positive
16383	Positive
16384	Positive
16385	Positive
16386	Positive
16387	Positive
16388	Positive
16389	Positive
16390	Positive
16391	Positive
16392	Positive
16393	Positive
16394	Positive
16395	Positive
16396	Positive
16397	Positive
16398	Positive
16399	Positive
16400	Positive
16401	Positive
16402	Positive
16403	Positive
16404	Positive
16405	Positive
16406	Positive
16407	Positive
16408	Positive
16409	Positive
16410	Positive
16411	Positive
16412	Positive
16413	Positive
16414	Positive
16415	Positive
16416	Positive
16417	Positive
16418	Positive
16419	Positive
16420	Positive
16421	Positive
16422	Positive
16423	Positive
16424	Positive
16425	Positive
16426	Positive
16427	Positive
16428	Positive
16429	Positive
16430	Positive
16431	Positive
16432	Positive
16433	Positive
16434	Positive
16435	Positive
16436	Positive
16437	Positive
16438	Positive
16439	Positive
16440	Positive
16441	Positive
16442	Positive
16443	Positive
16444	Positive
16445	Positive
16446	Positive
16447	Positive
16448	Positive
16449	Positive
16450	Positive
16451	Positive
16452	Positive
16453	Positive
16454	Positive
16455	Positive
16456	Positive
16457	Positive
16458	Positive
16459	Positive
16460	Positive
16461	Positive
16462	Positive
16463	Positive
16464	Positive
16465	Positive
16466	Positive
16467	Positive
16468	Positive
16469	Positive
16470	Positive
16471	Positive
16472	Positive
16473	Positive
16474	Positive
16475	Positive
16476	Positive
16477	Positive
16478	Positive
16479	Positive
16480	Positive
16481	Positive
16482	Positive
16483	Positive
16484	Positive
16485	Positive
16486	Positive
16487	Positive
16488	Positive
16489	Positive
16490	Positive
16491	Positive
16492	Positive
16493	Positive
16494	Positive
16495	Positive
16496	Positive
16497	Positive
16498	Positive
16499	Positive
16500	Positive
16501	Positive
16502	Positive
16503	Positive
16504	Positive
16505	Positive
16506	Positive
16507	Positive
16508	Positive
16509	Positive
16510	Positive
16511	Positive
16512	Positive
16513	Positive
16514	Positive
16515	Positive
16516	Positive
16517	Positive
16518	Positive
16519	Positive
16520	Positive
16521	Positive
16522	Positive
16523	Positive
16524	Positive
16525	Positive
16526	Positive
16527	Positive
16528	Positive
16529	Positive
16530	Positive
16531	Positive
16532	Positive
16533	Positive
16534	Positive
16535	Positive
16536	Positive
16537	Positive
16538	Positive
16539	Positive
16540	Positive
16541	Positive
16542	Positive
16543	Positive
16544	Positive
16545	Positive
16546	Positive
16547	Positive
16548	Positive
16549	Positive
16550	Positive
16551	Positive
16552	Positive
16553	Positive
16554	Positive
16555	Positive
16556	Positive
16557	Positive
16558	Positive
16559	Positive
16560	Positive
16561	Positive
16562	Positive
16563	Positive
16564	Positive
16565	Positive
16566	Positive
16567	Positive
16568	Positive
16569	Positive
16570	Positive
16571	Positive
16572	Positive
16573	Positive
16574	Positive
16575	Positive
16576	Positive
16577	Positive
16578	Positive
16579	Positive
16580	Positive
16581	Positive
16582	Positive
16583	Positive
16584	Positive
16585	Positive
16586	Positive
16587	Positive
16588	Positive
16589	Positive
16590	Positive
16591	Positive
16592	Positive
16593	Positive
16594	Positive
16595	Positive
16596	Positive
16597	Positive
16598	Positive
16599	Positive
16600	Positive
16601	Positive
16602	Positive
16603	Positive
16604	Positive
16605	Positive
16606	Positive
16607	Positive
16608	Positive
16609	Positive
16610	Positive
16611	Positive
16612	Positive
16613	Positive
16614	Positive
16615	Positive
16616	Positive
16617	Positive
16618	Positive
16619	Positive
16620	Positive
16621	Positive
16622	Positive
16623	Positive
16624	Positive
16625	Positive
16626	Positive
16627	Positive
16628	Positive
16629	Positive
16630	Positive
16631	Positive
16632	Positive
16633	Positive
16634	Positive
16635	Positive
16636	Positive
16637	Positive
16638	Positive
16639	Positive
16640	Positive
16641	Positive
16642	Positive
16643	Positive
16644	Positive
16645	Positive
16646	Positive
16647	Positive
16648	Positive
16649	Positive
16650	Positive
16651	Positive
16652	Positive
16653	Positive
16654	Positive
16655	Positive
16656	Positive
16657	Positive
16658	Positive
16659	Positive
16660	Positive
16661	Positive
16662	Positive
16663	Positive
16664	Positive
16665	Positive
16666	Positive
16667	Positive
16668	Positive
16669	Positive
16670	Positive
16671	Positive
16672	Positive
16673	Positive
16674	Positive
16675	Positive
16676	Positive
16677	Positive
16678	Positive
16679	Positive
16680	Positive
16681	Positive
16682	Positive
16683	Positive
16684	Positive
16685	Positive
16686	Positive
16687	Positive
16688	Positive
16689	Positive
16690	Positive
16691	Positive
16692	Positive
16693	Positive
16694	Positive
16695	Positive
16696	Positive
16697	Positive
16698	Positive
16699	Positive
16700	Positive
16701	Positive
16702	Positive
16703	Positive
16704	Positive
16705	Positive
16706	Positive
16707	Positive
16708	Positive
16709	Positive
16710	Positive
16711	Positive
16712	Positive
16713	Positive
16714	Positive
16715	Positive
16716	Positive
16717	Positive
16718	Positive
16719	Positive
16720	Positive
16721	Positive
16722	Positive
16723	Positive
16724	Positive
16725	Positive
16726	Positive
16727	Positive
16728	Positive
16729	Positive
16730	Positive
16731	Positive
16732	Positive
16733	Positive
16734	Positive
16735	Positive
16736	Positive
16737	Positive
16738	Positive
16739	Positive
16740	Positive
16741	Positive
16742	Positive
16743	Positive
16744	Positive
16745	Positive
16746	Positive
16747	Positive
16748	Positive
16749	Positive
16750	Positive
16751	Positive
16752	Positive
16753	Positive
16754	Positive
16755	Positive
16756	Positive
16757	Positive
16758	Positive
16759	Positive
16760	Positive
16761	Positive
16762	Positive
16763	Positive
16764	Positive
16765	Positive
16766	Positive
16767	Positive
16768	Positive
16769	Positive
16770	Positive
16771	Positive
16772	Positive
16773	Positive
16774	Positive
16775	Positive
16776	Positive
16777	Positive
16778	Positive
16779	Positive
16780	Positive
16781	Positive
16782	Positive
16783	Positive
16784	Positive
16785	Positive
16786	Positive
16787	Positive
16788	Positive
16789	Positive
16790	Positive
16791	Positive
16792	Positive
16793	Positive
16794	Positive
16795	Positive
16796	Positive
16797	Positive
16798	Positive
16799	Positive
16800	Positive
16801	Positive
16802	Positive
16803	Positive
16804	Positive
16805	Positive
16806	Positive
16807	Positive
16808	Positive
16809	Positive
16810	Positive
16811	Positive
16812	Positive
16813	Positive
16814	Positive
16815	Positive
16816	Positive
16817	Positive
16818	Positive
16819	Positive
16820	Positive
16821	Positive
16822	Positive
16823	Positive
16824	Positive
16825	Positive
16826	Positive
16827	Positive
16828	Positive
16829	Positive
16830	Positive
16831	Positive
16832	Positive
16833	Positive
16834	Positive
16835	Positive
16836	Positive
16837	Positive
16838	Positive
16839	Positive
16840	Positive
16841	Positive
16842	Positive
16843	Positive
16844	Positive
16845	Positive
16846	Positive
16847	Positive
16848	Positive
16849	Positive
16850	Positive
16851	Positive
16852	Positive
16853	Positive
16854	Positive
16855	Positive
16856	Positive
16857	Positive
16858	Positive
16859	Positive
16860	Positive
16861	Positive
16862	Positive
16863	Positive
16864	Positive
16865	Positive
16866	Positive
16867	Positive
16868	Positive
16869	Positive
16870	Positive
16871	Positive
16872	Positive
16873	Positive
16874	Positive
16875	Positive
16876	Positive
16877	Positive
16878	Positive
16879	Positive
16880	Positive
16881	Positive
16882	Positive
16883	Positive
16884	Positive
16885	Positive
16886	Positive
16887	Positive
16888	Positive
16889	Positive
16890	Positive
16891	Positive
16892	Positive
16893	Positive
16894	Positive
16895	Positive
16896	Positive
16897	Positive
16898	Positive
16899	Positive
16900	Positive
16901	Positive
16902	Positive
16903	Positive
16904	Positive
16905	Positive
16906	Positive
16907	Positive
16908	Positive
16909	Positive
16910	Positive
16911	Positive
16912	Positive
16913	Positive
16914	Positive
16915	Positive
16916	Positive
16917	Positive
16918	Positive
16919	Positive
16920	Positive
16921	Positive
16922	Positive
16923	Positive
16924	Positive
16925	Positive
16926	Positive
16927	Positive
16928	Positive
16929	Positive
16930	Positive
16931	Positive
16932	Positive
16933	Positive
16934	Positive
16935	Positive
16936	Positive
16937	Positive
16938	Positive
16939	Positive
16940	Positive
16941	Positive
16942	Positive
16943	Positive
16944	Positive
16945	Positive
16946	Positive
16947	Positive
16948	Positive
16949	Positive
16950	Positive
16951	Positive
16952	Positive
16953	Positive
16954	Positive
16955	Positive
16956	Positive
16957	Positive
16958	Positive
16959	Positive
16960	Positive
16961	Positive
16962	Positive
16963	Positive
16964	Positive
16965	Positive
16966	Positive
16967	Positive
16968	Positive
16969	Positive
16970	Positive
16971	Positive
16972	Positive
16973	Positive
16974	Positive
16975	Positive
16976	Positive
16977	Positive
16978	Positive
16979	Positive
16980	Positive
16981	Positive
16982	Positive
16983	Positive
16984	Positive
16985	Positive
16986	Positive
16987	Positive
16988	Positive
16989	Positive
16990	Positive
16991	Positive
16992	Positive
16993	Positive
16994	Positive
16995	Positive
16996	Positive
16997	Positive
16998	Positive
16999	Positive
17000	Positive
17001	Positive
17002	Positive
17003	Positive
17004	Positive
17005	Positive
17006	Positive
17007	Positive
17008	Positive
17009	Positive
17010	Positive
17011	Positive
17012	Positive
17013	Positive
17014	Positive
17015	Positive
17016	Positive
17017	Positive
17018	Positive
17019	Positive
17020	Positive
17021	Positive
17022	Positive
17023	Positive
17024	Positive
17025	Positive
17026	Positive
17027	Positive
17028	Positive
17029	Positive
17030	Positive
17031	Positive
17032	Positive
17033	Positive
17034	Positive
17035	Positive
17036	Positive
17037	Positive
17038	Positive
17039	Positive
17040	Positive
17041	Positive
17042	Positive
17043	Positive
17044	Positive
17045	Positive
17046	Positive
17047	Positive
17048	Positive
17049	Positive
17050	Positive
17051	Positive
17052	Positive
17053	Positive
17054	Positive
17055	Positive
17056	Positive
17057	Positive
17058	Positive
17059	Positive
17060	Positive
17061	Positive
17062	Positive
17063	Positive
17064	Positive
17065	Positive
17066	Positive
17067	Positive
17068	Positive
17069	Positive
17070	Positive
17071	Positive
17072	Positive
17073	Positive
17074	Positive
17075	Positive
17076	Positive
17077	Positive
17078	Positive
17079	Positive
17080	Positive
17081	Positive
17082	Positive
17083	Positive
17084	Positive
17085	Positive
17086	Positive
17087	Positive
17088	Positive
17089	Positive
17090	Positive
17091	Positive
17092	Positive
17093	Positive
17094	Positive
17095	Positive
17096	Positive
17097	Positive
17098	Positive
17099	Positive
17100	Positive
17101	Positive
17102	Positive
17103	Positive
17104	Positive
17105	Positive
17106	Positive
17107	Positive
17108	Positive
17109	Positive
17110	Positive
17111	Positive
17112	Positive
17113	Positive
17114	Positive
17115	Positive
17116	Positive
17117	Positive
17118	Positive
17119	Positive
17120	Positive
17121	Positive
17122	Positive
17123	Positive
17124	Positive
17125	Positive
17126	Positive
17127	Positive
17128	Positive
17129	Positive
17130	Positive
17131	Positive
17132	Positive
17133	Positive
17134	Positive
17135	Positive
17136	Positive
17137	Positive
17138	Positive
17139	Positive
17140	Positive
17141	Positive
17142	Positive
17143	Positive
17144	Positive
17145	Positive
17146	Positive
17147	Positive
17148	Positive
17149	Positive
17150	Positive
17151	Positive
17152	Positive
17153	Positive
17154	Positive
17155	Positive
17156	Positive
17157	Positive
17158	Positive
17159	Positive
17160	Positive
17161	Positive
17162	Positive
17163	Positive
17164	Positive
17165	Positive
17166	Positive
17167	Positive
17168	Positive
17169	Positive
17170	Positive
17171	Positive
17172	Positive
17173	Positive
17174	Positive
17175	Positive
17176	Positive
17177	Positive
17178	Positive
17179	Positive
17180	Positive
17181	Positive
17182	Positive
17183	Positive
17184	Positive
17185	Positive
17186	Positive
17187	Positive
17188	Positive
17189	Positive
17190	Positive
17191	Positive
17192	Positive
17193	Positive
17194	Positive
17195	Positive
17196	Positive
17197	Positive
17198	Positive
17199	Positive
17200	Positive
17201	Positive
17202	Positive
17203	Positive
17204	Positive
17205	Positive
17206	Positive
17207	Positive
17208	Positive
17209	Positive
17210	Positive
17211	Positive
17212	Positive
17213	Positive
17214	Positive
17215	Positive
17216	Positive
17217	Positive
17218	Positive
17219	Positive
17220	Positive
17221	Positive
17222	Positive
17223	Positive
17224	Positive
17225	Positive
17226	Positive
17227	Positive
17228	Positive
17229	Positive
17230	Positive
17231	Positive
17232	Positive
17233	Positive
17234	Positive
17235	Positive
17236	Positive
17237	Positive
17238	Positive
17239	Positive
17240	Positive
17241	Positive
17242	Positive
17243	Positive
17244	Positive
17245	Positive
17246	Positive
17247	Positive
17248	Positive
17249	Positive
17250	Positive
17251	Positive
17252	Positive
17253	Positive
17254	Positive
17255	Positive
17256	Positive
17257	Positive
17258	Positive
17259	Positive
17260	Positive
17261	Positive
17262	Positive
17263	Positive
17264	Positive
17265	Positive
17266	Positive
17267	Positive
17268	Positive
17269	Positive
17270	Positive
17271	Positive
17272	Positive
17273	Positive
17274	Positive
17275	Positive
17276	Positive
17277	Positive
17278	Positive
17279	Positive
17280	Positive
17281	Positive
17282	Positive
17283	Positive
17284	Positive
17285	Positive
17286	Positive
17287	Positive
17288	Positive
17289	Positive
17290	Positive
17291	Positive
17292	Positive
17293	Positive
17294	Positive
17295	Positive
17296	Positive
17297	Positive
17298	Positive
17299	Positive
17300	Positive
17301	Positive
17302	Positive
17303	Positive
17304	Positive
17305	Positive
17306	Positive
17307	Positive
17308	Positive
17309	Positive
17310	Positive
17311	Positive
17312	Positive
17313	Positive
17314	Positive
17315	Positive
17316	Positive
17317	Positive
17318	Positive
17319	Positive
17320	Positive
17321	Positive
17322	Positive
17323	Positive
17324	Positive
17325	Positive
17326	Positive
17327	Positive
17328	Positive
17329	Positive
17330	Positive
17331	Positive
17332	Positive
17333	Positive
17334	Positive
17335	Positive
17336	Positive
17337	Positive
17338	Positive
17339	Positive
17340	Positive
17341	Positive
17342	Positive
17343	Positive
17344	Positive
17345	Positive
17346	Positive
17347	Positive
17348	Positive
17349	Positive
17350	Positive
17351	Positive
17352	Positive
17353	Positive
17354	Positive
17355	Positive
17356	Positive
17357	Positive
17358	Positive
17359	Positive
17360	Positive
17361	Positive
17362	Positive
17363	Positive
17364	Positive
17365	Positive
17366	Positive
17367	Positive
17368	Positive
17369	Positive
17370	Positive
17371	Positive
17372	Positive
17373	Positive
17374	Positive
17375	Positive
17376	Positive
17377	Positive
17378	Positive
17379	Positive
17380	Positive
17381	Positive
17382	Positive
17383	Positive
17384	Positive
17385	Positive
17386	Positive
17387	Positive
17388	Positive
17389	Positive
17390	Positive
17391	Positive
17392	Positive
17393	Positive
17394	Positive
17395	Positive
17396	Positive
17397	Positive
17398	Positive
17399	Positive
17400	Positive
17401	Positive
17402	Positive
17403	Positive
17404	Positive
17405	Positive
17406	Positive
17407	Positive
17408	Positive
17409	Positive
17410	Positive
17411	Positive
17412	Positive
17413	Positive
17414	Positive
17415	Positive
17416	Positive
17417	Positive
17418	Positive
17419	Positive
17420	Positive
17421	Positive
17422	Positive
17423	Positive
17424	Positive
17425	Positive
17426	Positive
17427	Positive
17428	Positive
17429	Positive
17430	Positive
17431	Positive
17432	Positive
17433	Positive
17434	Positive
17435	Positive
17436	Positive
17437	Positive
17438	Positive
17439	Positive
17440	Positive
17441	Positive
17442	Positive
17443	Positive
17444	Positive
17445	Positive
17446	Positive
17447	Positive
17448	Positive
17449	Positive
17450	Positive
17451	Positive
17452	Positive
17453	Positive
17454	Positive
17455	Positive
17456	Positive
17457	Positive
17458	Positive
17459	Positive
17460	Positive
17461	Positive
17462	Positive
17463	Positive
17464	Positive
17465	Positive
17466	Positive
17467	Positive
17468	Positive
17469	Positive
17470	Positive
17471	Positive
17472	Positive
17473	Positive
17474	Positive
17475	Positive
17476	Positive
17477	Positive
17478	Positive
17479	Positive
17480	Positive
17481	Positive
17482	Positive
17483	Positive
17484	Positive
17485	Positive
17486	Positive
17487	Positive
17488	Positive
17489	Positive
17490	Positive
17491	Positive
17492	Positive
17493	Positive
17494	Positive
17495	Positive
17496	Positive
17497	Positive
17498	Positive
17499	Positive
17500	Positive
17501	Positive
17502	Positive
17503	Positive
17504	Positive
17505	Positive
17506	Positive
17507	Positive
17508	Positive
17509	Positive
17510	Positive
17511	Positive
17512	Positive
17513	Positive
17514	Positive
17515	Positive
17516	Positive
17517	Positive
17518	Positive
17519	Positive
17520	Positive
17521	Positive
17522	Positive
17523	Positive
17524	Positive
17525	Positive
17526	Positive
17527	Positive
17528	Positive
17529	Positive
17530	Positive
17531	Positive
17532	Positive
17533	Positive
17534	Positive
17535	Positive
17536	Positive
17537	Positive
17538	Positive
17539	Positive
17540	Positive
17541	Positive
17542	Positive
17543	Positive
17544	Positive
17545	Positive
17546	Positive
17547	Positive
17548	Positive
17549	Positive
17550	Positive
17551	Positive
17552	Positive
17553	Positive
17554	Positive
17555	Positive
17556	Positive
17557	Positive
17558	Positive
17559	Positive
17560	Positive
17561	Positive
17562	Positive
17563	Positive
17564	Positive
17565	Positive
17566	Positive
17567	Positive
17568	Positive
17569	Positive
17570	Positive
17571	Positive
17572	Positive
17573	Positive
17574	Positive
17575	Positive
17576	Positive
17577	Positive
17578	Positive
17579	Positive
17580	Positive
17581	Positive
17582	Positive
17583	Positive
17584	Positive
17585	Positive
17586	Positive
17587	Positive
17588	Positive
17589	Positive
17590	Positive
17591	Positive
17592	Positive
17593	Positive
17594	Positive
17595	Positive
17596	Positive
17597	Positive
17598	Positive
17599	Positive
17600	Positive
17601	Positive
17602	Positive
17603	Positive
17604	Positive
17605	Positive
17606	Positive
17607	Positive
17608	Positive
17609	Positive
17610	Positive
17611	Positive
17612	Positive
17613	Positive
17614	Positive
17615	Positive
17616	Positive
17617	Positive
17618	Positive
17619	Positive
17620	Positive
17621	Positive
17622	Positive
17623	Positive
17624	Positive
17625	Positive
17626	Positive
17627	Positive
17628	Positive
17629	Positive
17630	Positive
17631	Positive
17632	Positive
17633	Positive
17634	Positive
17635	Positive
17636	Positive
17637	Positive
17638	Positive
17639	Positive
17640	Positive
17641	Positive
17642	Positive
17643	Positive
17644	Positive
17645	Positive
17646	Positive
17647	Positive
17648	Positive
17649	Positive
17650	Positive
17651	Positive
17652	Positive
17653	Positive
17654	Positive
17655	Positive
17656	Positive
17657	Positive
17658	Positive
17659	Positive
17660	Positive
17661	Positive
17662	Positive
17663	Positive
17664	Positive
17665	Positive
17666	Positive
17667	Positive
17668	Positive
17669	Positive
17670	Positive
17671	Positive
17672	Positive
17673	Positive
17674	Positive
17675	Positive
17676	Positive
17677	Positive
17678	Positive
17679	Positive
17680	Positive
17681	Positive
17682	Positive
17683	Positive
17684	Positive
17685	Positive
17686	Positive
17687	Positive
17688	Positive
17689	Positive
17690	Positive
17691	Positive
17692	Positive
17693	Positive
17694	Positive
17695	Positive
17696	Positive
17697	Positive
17698	Positive
17699	Positive
17700	Positive
17701	Positive
17702	Positive
17703	Positive
17704	Positive
17705	Positive
17706	Positive
17707	Positive
17708	Positive
17709	Positive
17710	Positive
17711	Positive
17712	Positive
17713	Positive
17714	Positive
17715	Positive
17716	Positive
17717	Positive
17718	Positive
17719	Positive
17720	Positive
17721	Positive
17722	Positive
17723	Positive
17724	Positive
17725	Positive
17726	Positive
17727	Positive
17728	Positive
17729	Positive
17730	Positive
17731	Positive
17732	Positive
17733	Positive
17734	Positive
17735	Positive
17736	Positive
17737	Positive
17738	Positive
17739	Positive
17740	Positive
17741	Positive
17742	Positive
17743	Positive
17744	Positive
17745	Positive
17746	Positive
17747	Positive
17748	Positive
17749	Positive
17750	Positive
17751	Positive
17752	Positive
17753	Positive
17754	Positive
17755	Positive
17756	Positive
17757	Positive
17758	Positive
17759	Positive
17760	Positive
17761	Positive
17762	Positive
17763	Positive
17764	Positive
17765	Positive
17766	Positive
17767	Positive
17768	Positive
17769	Positive
17770	Positive
17771	Positive
17772	Positive
17773	Positive
17774	Positive
17775	Positive
17776	Positive
17777	Positive
17778	Positive
17779	Positive
17780	Positive
17781	Positive
17782	Positive
17783	Positive
17784	Positive
17785	Positive
17786	Positive
17787	Positive
17788	Positive
17789	Positive
17790	Positive
17791	Positive
17792	Positive
17793	Positive
17794	Positive
17795	Positive
17796	Positive
17797	Positive
17798	Positive
17799	Positive
17800	Positive
17801	Positive
17802	Positive
17803	Positive
17804	Positive
17805	Positive
17806	Positive
17807	Positive
17808	Positive
17809	Positive
17810	Positive
17811	Positive
17812	Positive
17813	Positive
17814	Positive
17815	Positive
17816	Positive
17817	Positive
17818	Positive
17819	Positive
17820	Positive
17821	Positive
17822	Positive
17823	Positive
17824	Positive
17825	Positive
17826	Positive
17827	Positive
17828	Positive
17829	Positive
17830	Positive
17831	Positive
17832	Positive
17833	Positive
17834	Positive
17835	Positive
17836	Positive
17837	Positive
17838	Positive
17839	Positive
17840	Positive
17841	Positive
17842	Positive
17843	Positive
17844	Positive
17845	Positive
17846	Positive
17847	Positive
17848	Positive
17849	Positive
17850	Positive
17851	Positive
17852	Positive
17853	Positive
17854	Positive
17855	Positive
17856	Positive
17857	Positive
17858	Positive
17859	Positive
17860	Positive
17861	Positive
17862	Positive
17863	Positive
17864	Positive
17865	Positive
17866	Positive
17867	Positive
17868	Positive
17869	Positive
17870	Positive
17871	Positive
17872	Positive
17873	Positive
17874	Positive
17875	Positive
17876	Positive
17877	Positive
17878	Positive
17879	Positive
17880	Positive
17881	Positive
17882	Positive
17883	Positive
17884	Positive
17885	Positive
17886	Positive
17887	Positive
17888	Positive
17889	Positive
17890	Positive
17891	Positive
17892	Positive
17893	Positive
17894	Positive
17895	Positive
17896	Positive
17897	Positive
17898	Positive
17899	Positive
17900	Positive
17901	Positive
17902	Positive
17903	Positive
17904	Positive
17905	Positive
17906	Positive
17907	Positive
17908	Positive
17909	Positive
17910	Positive
17911	Positive
17912	Positive
17913	Positive
17914	Positive
17915	Positive
17916	Positive
17917	Positive
17918	Positive
17919	Positive
17920	Positive
17921	Positive
17922	Positive
17923	Positive
17924	Positive
17925	Positive
17926	Positive
17927	Positive
17928	Positive
17929	Positive
17930	Positive
17931	Positive
17932	Positive
17933	Positive
17934	Positive
17935	Positive
17936	Positive
17937	Positive
17938	Positive
17939	Positive
17940	Positive
17941	Positive
17942	Positive
17943	Positive
17944	Positive
17945	Positive
17946	Positive
17947	Positive
17948	Positive
17949	Positive
17950	Positive
17951	Positive
17952	Positive
17953	Positive
17954	Positive
17955	Positive
17956	Positive
17957	Positive
17958	Positive
17959	Positive
17960	Positive
17961	Positive
17962	Positive
17963	Positive
17964	Positive
17965	Positive
17966	Positive
17967	Positive
17968	Positive
17969	Positive
17970	Positive
17971	Positive
17972	Positive
17973	Positive
17974	Positive
17975	Positive
17976	Positive
17977	Positive
17978	Positive
17979	Positive
17980	Positive
17981	Positive
17982	Positive
17983	Positive
17984	Positive
17985	Positive
17986	Positive
17987	Positive
17988	Positive
17989	Positive
17990	Positive
17991	Positive
17992	Positive
17993	Positive
17994	Positive
17995	Positive
17996	Positive
17997	Positive
17998	Positive
17999	Positive
18000	Positive
18001	Positive
18002	Positive
18003	Positive
18004	Positive
18005	Positive
18006	Positive
18007	Positive
18008	Positive
18009	Positive
18010	Positive
18011	Positive
18012	Positive
18013	Positive
18014	Positive
18015	Positive
18016	Positive
18017	Positive
18018	Positive
18019	Positive
18020	Positive
18021	Positive
18022	Positive
18023	Positive
18024	Positive
18025	Positive
18026	Positive
18027	Positive
18028	Positive
18029	Positive
18030	Positive
18031	Positive
18032	Positive
18033	Positive
18034	Positive
18035	Positive
18036	Positive
18037	Positive
18038	Positive
18039	Positive
18040	Positive
18041	Positive
18042	Positive
18043	Positive
18044	Positive
18045	Positive
18046	Positive
18047	Positive
18048	Positive
18049	Positive
18050	Positive
18051	Positive
18052	Positive
18053	Positive
18054	Positive
18055	Positive
18056	Positive
18057	Positive
18058	Positive
18059	Positive
18060	Positive
18061	Positive
18062	Positive
18063	Positive
18064	Positive
18065	Positive
18066	Positive
18067	Positive
18068	Positive
18069	Positive
18070	Positive
18071	Positive
18072	Positive
18073	Positive
18074	Positive
18075	Positive
18076	Positive
18077	Positive
18078	Positive
18079	Positive
18080	Positive
18081	Positive
18082	Positive
18083	Positive
18084	Positive
18085	Positive
18086	Positive
18087	Positive
18088	Positive
18089	Positive
18090	Positive
18091	Positive
18092	Positive
18093	Positive
18094	Positive
18095	Positive
18096	Positive
18097	Positive
18098	Positive
18099	Positive
18100	Positive
18101	Positive
18102	Positive
18103	Positive
18104	Positive
18105	Positive
18106	Positive
18107	Positive
18108	Positive
18109	Positive
18110	Positive
18111	Positive
18112	Positive
18113	Positive
18114	Positive
18115	Positive
18116	Positive
18117	Positive
18118	Positive
18119	Positive
18120	Positive
18121	Positive
18122	Positive
18123	Positive
18124	Positive
18125	Positive
18126	Positive
18127	Positive
18128	Positive
18129	Positive
18130	Positive
18131	Positive
18132	Positive
18133	Positive
18134	Positive
18135	Positive
18136	Positive
18137	Positive
18138	Positive
18139	Positive
18140	Positive
18141	Positive
18142	Positive
18143	Positive
18144	Positive
18145	Positive
18146	Positive
18147	Positive
18148	Positive
18149	Positive
18150	Positive
18151	Positive
18152	Positive
18153	Positive
18154	Positive
18155	Positive
18156	Positive
18157	Positive
18158	Positive
18159	Positive
18160	Positive
18161	Positive
18162	Positive
18163	Positive
18164	Positive
18165	Positive
18166	Positive
18167	Positive
18168	Positive
18169	Positive
18170	Positive
18171	Positive
18172	Positive
18173	Positive
18174	Positive
18175	Positive
18176	Positive
18177	Positive
18178	Positive
18179	Positive
18180	Positive
18181	Positive
18182	Positive
18183	Positive
18184	Positive
18185	Positive
18186	Positive
18187	Positive
18188	Positive
18189	Positive
18190	Positive
18191	Positive
18192	Positive
18193	Positive
18194	Positive
18195	Positive
18196	Positive
18197	Positive
18198	Positive
18199	Positive
18200	Positive
18201	Positive
18202	Positive
18203	Positive
18204	Positive
18205	Positive
18206	Positive
18207	Positive
18208	Positive
18209	Positive
18210	Positive
18211	Positive
18212	Positive
18213	Positive
18214	Positive
18215	Positive
18216	Positive
18217	Positive
18218	Positive
18219	Positive
18220	Positive
18221	Positive
18222	Positive
18223	Positive
18224	Positive
18225	Positive
18226	Positive
18227	Positive
18228	Positive
18229	Positive
18230	Positive
18231	Positive
18232	Positive
18233	Positive
18234	Positive
18235	Positive
18236	Positive
18237	Positive
18238	Positive
18239	Positive
18240	Positive
18241	Positive
18242	Positive
18243	Positive
18244	Positive
18245	Positive
18246	Positive
18247	Positive
18248	Positive
18249	Positive
18250	Positive
18251	Positive
18252	Positive
18253	Positive
18254	Positive
18255	Positive
18256	Positive
18257	Positive
18258	Positive
18259	Positive
18260	Positive
18261	Positive
18262	Positive
18263	Positive
18264	Positive
18265	Positive
18266	Positive
18267	Positive
18268	Positive
18269	Positive
18270	Positive
18271	Positive
18272	Positive
18273	Positive
18274	Positive
18275	Positive
18276	Positive
18277	Positive
18278	Positive
18279	Positive
18280	Positive
18281	Positive
18282	Positive
18283	Positive
18284	Positive
18285	Positive
18286	Positive
18287	Positive
18288	Positive
18289	Positive
18290	Positive
18291	Positive
18292	Positive
18293	Positive
18294	Positive
18295	Positive
18296	Positive
18297	Positive
18298	Positive
18299	Positive
18300	Positive
18301	Positive
18302	Positive
18303	Positive
18304	Positive
18305	Positive
18306	Positive
18307	Positive
18308	Positive
18309	Positive
18310	Positive
18311	Positive
18312	Positive
18313	Positive
18314	Positive
18315	Positive
18316	Positive
18317	Positive
18318	Positive
18319	Positive
18320	Positive
18321	Positive
18322	Positive
18323	Positive
18324	Positive
18325	Positive
18326	Positive
18327	Positive
18328	Positive
18329	Positive
18330	Positive
18331	Positive
18332	Positive
18333	Positive
18334	Positive
18335	Positive
18336	Positive
18337	Positive
18338	Positive
18339	Positive
18340	Positive
18341	Positive
18342	Positive
18343	Positive
18344	Positive
18345	Positive
18346	Positive
18347	Positive
18348	Positive
18349	Positive
18350	Positive
18351	Positive
18352	Positive
18353	Positive
18354	Positive
18355	Positive
18356	Positive
18357	Positive
18358	Positive
18359	Positive
18360	Positive
18361	Positive
18362	Positive
18363	Positive
18364	Positive
18365	Positive
18366	Positive
18367	Positive
18368	Positive
18369	Positive
18370	Positive
18371	Positive
18372	Positive
18373	Positive
18374	Positive
18375	Positive
18376	Positive
18377	Positive
18378	Positive
18379	Positive
18380	Positive
18381	Positive
18382	Positive
18383	Positive
18384	Positive
18385	Positive
18386	Positive
18387	Positive
18388	Positive
18389	Positive
18390	Positive
18391	Positive
18392	Positive
18393	Positive
18394	Positive
18395	Positive
18396	Positive
18397	Positive
18398	Positive
18399	Positive
18400	Positive
18401	Positive
18402	Positive
18403	Positive
18404	Positive
18405	Positive
18406	Positive
18407	Positive
18408	Positive
18409	Positive
18410	Positive
18411	Positive
18412	Positive
18413	Positive
18414	Positive
18415	Positive
18416	Positive
18417	Positive
18418	Positive
18419	Positive
18420	Positive
18421	Positive
18422	Positive
18423	Positive
18424	Positive
18425	Positive
18426	Positive
18427	Positive
18428	Positive
18429	Positive
18430	Positive
18431	Positive
18432	Positive
18433	Positive
18434	Positive
18435	Positive
18436	Positive
18437	Positive
18438	Positive
18439	Positive
18440	Positive
18441	Positive
18442	Positive
18443	Positive
18444	Positive
18445	Positive
18446	Positive
18447	Positive
18448	Positive
18449	Positive
18450	Positive
18451	Positive
18452	Positive
18453	Positive
18454	Positive
18455	Positive
18456	Positive
18457	Positive
18458	Positive
18459	Positive
18460	Positive
18461	Positive
18462	Positive
18463	Positive
18464	Positive
18465	Positive
18466	Positive
18467	Positive
18468	Positive
18469	Positive
18470	Positive
18471	Positive
18472	Positive
18473	Positive
18474	Positive
18475	Positive
18476	Positive
18477	Positive
18478	Positive
18479	Positive
18480	Positive
18481	Positive
18482	Positive
18483	Positive
18484	Positive
18485	Positive
18486	Positive
18487	Positive
18488	Positive
18489	Positive
18490	Positive
18491	Positive
18492	Positive
18493	Positive
18494	Positive
18495	Positive
18496	Positive
18497	Positive
18498	Positive
18499	Positive
18500	Positive
18501	Positive
18502	Positive
18503	Positive
18504	Positive
18505	Positive
18506	Positive
18507	Positive
18508	Positive
18509	Positive
18510	Positive
18511	Positive
18512	Positive
18513	Positive
18514	Positive
18515	Positive
18516	Positive
18517	Positive
18518	Positive
18519	Positive
18520	Positive
18521	Positive
18522	Positive
18523	Positive
18524	Positive
18525	Positive
18526	Positive
18527	Positive
18528	Positive
18529	Positive
18530	Positive
18531	Positive
18532	Positive
18533	Positive
18534	Positive
18535	Positive
18536	Positive
18537	Positive
18538	Positive
18539	Positive
18540	Positive
18541	Positive
18542	Positive
18543	Positive
18544	Positive
18545	Positive
18546	Positive
18547	Positive
18548	Positive
18549	Positive
18550	Positive
18551	Positive
18552	Positive
18553	Positive
18554	Positive
18555	Positive
18556	Positive
18557	Positive
18558	Positive
18559	Positive
18560	Positive
18561	Positive
18562	Positive
18563	Positive
18564	Positive
18565	Positive
18566	Positive
18567	Positive
18568	Positive
18569	Positive
18570	Positive
18571	Positive
18572	Positive
18573	Positive
18574	Positive
18575	Positive
18576	Positive
18577	Positive
18578	Positive
18579	Positive
18580	Positive
18581	Positive
18582	Positive
18583	Positive
18584	Positive
18585	Positive
18586	Positive
18587	Positive
18588	Positive
18589	Positive
18590	Positive
18591	Positive
18592	Positive
18593	Positive
18594	Positive
18595	Positive
18596	Positive
18597	Positive
18598	Positive
18599	Positive
18600	Positive
18601	Positive
18602	Positive
18603	Positive
18604	Positive
18605	Positive
18606	Positive
18607	Positive
18608	Positive
18609	Positive
18610	Positive
18611	Positive
18612	Positive
18613	Positive
18614	Positive
18615	Positive
18616	Positive
18617	Positive
18618	Positive
18619	Positive
18620	Positive
18621	Positive
18622	Positive
18623	Positive
18624	Positive
18625	Positive
18626	Positive
18627	Positive
18628	Positive
18629	Positive
18630	Positive
18631	Positive
18632	Positive
18633	Positive
18634	Positive
18635	Positive
18636	Positive
18637	Positive
18638	Positive
18639	Positive
18640	Positive
18641	Positive
18642	Positive
18643	Positive
18644	Positive
18645	Positive
18646	Positive
18647	Positive
18648	Positive
18649	Positive
18650	Positive
18651	Positive
18652	Positive
18653	Positive
18654	Positive
18655	Positive
18656	Positive
18657	Positive
18658	Positive
18659	Positive
18660	Positive
18661	Positive
18662	Positive
18663	Positive
18664	Positive
18665	Positive
18666	Positive
18667	Positive
18668	Positive
18669	Positive
18670	Positive
18671	Positive
18672	Positive
18673	Positive
18674	Positive
18675	Positive
18676	Positive
18677	Positive
18678	Positive
18679	Positive
18680	Positive
18681	Positive
18682	Positive
18683	Positive
18684	Positive
18685	Positive
18686	Positive
18687	Positive
18688	Positive
18689	Positive
18690	Positive
18691	Positive
18692	Positive
18693	Positive
18694	Positive
18695	Positive
18696	Positive
18697	Positive
18698	Positive
18699	Positive
18700	Positive
18701	Positive
18702	Positive
18703	Positive
18704	Positive
18705	Positive
18706	Positive
18707	Positive
18708	Positive
18709	Positive
18710	Positive
18711	Positive
18712	Positive
18713	Positive
18714	Positive
18715	Positive
18716	Positive
18717	Positive
18718	Positive
18719	Positive
18720	Positive
18721	Positive
18722	Positive
18723	Positive
18724	Positive
18725	Positive
18726	Positive
18727	Positive
18728	Positive
18729	Positive
18730	Positive
18731	Positive
18732	Positive
18733	Positive
18734	Positive
18735	Positive
18736	Positive
18737	Positive
18738	Positive
18739	Positive
18740	Positive
18741	Positive
18742	Positive
18743	Positive
18744	Positive
18745	Positive
18746	Positive
18747	Positive
18748	Positive
18749	Positive
18750	Positive
18751	Positive
18752	Positive
18753	Positive
18754	Positive
18755	Positive
18756	Positive
18757	Positive
18758	Positive
18759	Positive
18760	Positive
18761	Positive
18762	Positive
18763	Positive
18764	Positive
18765	Positive
18766	Positive
18767	Positive
18768	Positive
18769	Positive
18770	Positive
18771	Positive
18772	Positive
18773	Positive
18774	Positive
18775	Positive
18776	Positive
18777	Positive
18778	Positive
18779	Positive
18780	Positive
18781	Positive
18782	Positive
18783	Positive
18784	Positive
18785	Positive
18786	Positive
18787	Positive
18788	Positive
18789	Positive
18790	Positive
18791	Positive
18792	Positive
18793	Positive
18794	Positive
18795	Positive
18796	Positive
18797	Positive
18798	Positive
18799	Positive
18800	Positive
18801	Positive
18802	Positive
18803	Positive
18804	Positive
18805	Positive
18806	Positive
18807	Positive
18808	Positive
18809	Positive
18810	Positive
18811	Positive
18812	Positive
18813	Positive
18814	Positive
18815	Positive
18816	Positive
18817	Positive
18818	Positive
18819	Positive
18820	Positive
18821	Positive
18822	Positive
18823	Positive
18824	Positive
18825	Positive
18826	Positive
18827	Positive
18828	Positive
18829	Positive
18830	Positive
18831	Positive
18832	Positive
18833	Positive
18834	Positive
18835	Positive
18836	Positive
18837	Positive
18838	Positive
18839	Positive
18840	Positive
18841	Positive
18842	Positive
18843	Positive
18844	Positive
18845	Positive
18846	Positive
18847	Positive
18848	Positive
18849	Positive
18850	Positive
18851	Positive
18852	Positive
18853	Positive
18854	Positive
18855	Positive
18856	Positive
18857	Positive
18858	Positive
18859	Positive
18860	Positive
18861	Positive
18862	Positive
18863	Positive
18864	Positive
18865	Positive
18866	Positive
18867	Positive
18868	Positive
18869	Positive
18870	Positive
18871	Positive
18872	Positive
18873	Positive
18874	Positive
18875	Positive
18876	Positive
18877	Positive
18878	Positive
18879	Positive
18880	Positive
18881	Positive
18882	Positive
18883	Positive
18884	Positive
18885	Positive
18886	Positive
18887	Positive
18888	Positive
18889	Positive
18890	Positive
18891	Positive
18892	Positive
18893	Positive
18894	Positive
18895	Positive
18896	Positive
18897	Positive
18898	Positive
18899	Positive
18900	Positive
18901	Positive
18902	Positive
18903	Positive
18904	Positive
18905	Positive
18906	Positive
18907	Positive
18908	Positive
18909	Positive
18910	Positive
18911	Positive
18912	Positive
18913	Positive
18914	Positive
18915	Positive
18916	Positive
18917	Positive
18918	Positive
18919	Positive
18920	Positive
18921	Positive
18922	Positive
18923	Positive
18924	Positive
18925	Positive
18926	Positive
18927	Positive
18928	Positive
18929	Positive
18930	Positive
18931	Positive
18932	Positive
18933	Positive
18934	Positive
18935	Positive
18936	Positive
18937	Positive
18938	Positive
18939	Positive
18940	Positive
18941	Positive
18942	Positive
18943	Positive
18944	Positive
18945	Positive
18946	Positive
18947	Positive
18948	Positive
18949	Positive
18950	Positive
18951	Positive
18952	Positive
18953	Positive
18954	Positive
18955	Positive
18956	Positive
18957	Positive
18958	Positive
18959	Positive
18960	Positive
18961	Positive
18962	Positive
18963	Positive
18964	Positive
18965	Positive
18966	Positive
18967	Positive
18968	Positive
18969	Positive
18970	Positive
18971	Positive
18972	Positive
18973	Positive
18974	Positive
18975	Positive
18976	Positive
18977	Positive
18978	Positive
18979	Positive
18980	Positive
18981	Positive
18982	Positive
18983	Positive
18984	Positive
18985	Positive
18986	Positive
18987	Positive
18988	Positive
18989	Positive
18990	Positive
18991	Positive
18992	Positive
18993	Positive
18994	Positive
18995	Positive
18996	Positive
18997	Positive
18998	Positive
18999	Positive
19000	Positive
19001	Positive
19002	Positive
19003	Positive
19004	Positive
19005	Positive
19006	Positive
19007	Positive
19008	Positive
19009	Positive
19010	Positive
19011	Positive
19012	Positive
19013	Positive
19014	Positive
19015	Positive
19016	Positive
19017	Positive
19018	Positive
19019	Positive
19020	Positive
19021	Positive
19022	Positive
19023	Positive
19024	Positive
19025	Positive
19026	Positive
19027	Positive
19028	Positive
19029	Positive
19030	Positive
19031	Positive
19032	Positive
19033	Positive
19034	Positive
19035	Positive
19036	Positive
19037	Positive
19038	Positive
19039	Positive
19040	Positive
19041	Positive
19042	Positive
19043	Positive
19044	Positive
19045	Positive
19046	Positive
19047	Positive
19048	Positive
19049	Positive
19050	Positive
19051	Positive
19052	Positive
19053	Positive
19054	Positive
19055	Positive
19056	Positive
19057	Positive
19058	Positive
19059	Positive
19060	Positive
19061	Positive
19062	Positive
19063	Positive
19064	Positive
19065	Positive
19066	Positive
19067	Positive
19068	Positive
19069	Positive
19070	Positive
19071	Positive
19072	Positive
19073	Positive
19074	Positive
19075	Positive
19076	Positive
19077	Positive
19078	Positive
19079	Positive
19080	Positive
19081	Positive
19082	Positive
19083	Positive
19084	Positive
19085	Positive
19086	Positive
19087	Positive
19088	Positive
19089	Positive
19090	Positive
19091	Positive
19092	Positive
19093	Positive
19094	Positive
19095	Positive
19096	Positive
19097	Positive
19098	Positive
19099	Positive
19100	Positive
19101	Positive
19102	Positive
19103	Positive
19104	Positive
19105	Positive
19106	Positive
19107	Positive
19108	Positive
19109	Positive
19110	Positive
19111	Positive
19112	Positive
19113	Positive
19114	Positive
19115	Positive
19116	Positive
19117	Positive
19118	Positive
19119	Positive
19120	Positive
19121	Positive
19122	Positive
19123	Positive
19124	Positive
19125	Positive
19126	Positive
19127	Positive
19128	Positive
19129	Positive
19130	Positive
19131	Positive
19132	Positive
19133	Positive
19134	Positive
19135	Positive
19136	Positive
19137	Positive
19138	Positive
19139	Positive
19140	Positive
19141	Positive
19142	Positive
19143	Positive
19144	Positive
19145	Positive
19146	Positive
19147	Positive
19148	Positive
19149	Positive
19150	Positive
19151	Positive
19152	Positive
19153	Positive
19154	Positive
19155	Positive
19156	Positive
19157	Positive
19158	Positive
19159	Positive
19160	Positive
19161	Positive
19162	Positive
19163	Positive
19164	Positive
19165	Positive
19166	Positive
19167	Positive
19168	Positive
19169	Positive
19170	Positive
19171	Positive
19172	Positive
19173	Positive
19174	Positive
19175	Positive
19176	Positive
19177	Positive
19178	Positive
19179	Positive
19180	Positive
19181	Positive
19182	Positive
19183	Positive
19184	Positive
19185	Positive
19186	Positive
19187	Positive
19188	Positive
19189	Positive
19190	Positive
19191	Positive
19192	Positive
19193	Positive
19194	Positive
19195	Positive
19196	Positive
19197	Positive
19198	Positive
19199	Positive
19200	Positive
19201	Positive
19202	Positive
19203	Positive
19204	Positive
19205	Positive
19206	Positive
19207	Positive
19208	Positive
19209	Positive
19210	Positive
19211	Positive
19212	Positive
19213	Positive
19214	Positive
19215	Positive
19216	Positive
19217	Positive
19218	Positive
19219	Positive
19220	Positive
19221	Positive
19222	Positive
19223	Positive
19224	Positive
19225	Positive
19226	Positive
19227	Positive
19228	Positive
19229	Positive
19230	Positive
19231	Positive
19232	Positive
19233	Positive
19234	Positive
19235	Positive
19236	Positive
19237	Positive
19238	Positive
19239	Positive
19240	Positive
19241	Positive
19242	Positive
19243	Positive
19244	Positive
19245	Positive
19246	Positive
19247	Positive
19248	Positive
19249	Positive
19250	Positive
19251	Positive
19252	Positive
19253	Positive
19254	Positive
19255	Positive
19256	Positive
19257	Positive
19258	Positive
19259	Positive
19260	Positive
19261	Positive
19262	Positive
19263	Positive
19264	Positive
19265	Positive
19266	Positive
19267	Positive
19268	Positive
19269	Positive
19270	Positive
19271	Positive
19272	Positive
19273	Positive
19274	Positive
19275	Positive
19276	Positive
19277	Positive
19278	Positive
19279	Positive
19280	Positive
19281	Positive
19282	Positive
19283	Positive
19284	Positive
19285	Positive
19286	Positive
19287	Positive
19288	Positive
19289	Positive
19290	Positive
19291	Positive
19292	Positive
19293	Positive
19294	Positive
19295	Positive
19296	Positive
19297	Positive
19298	Positive
19299	Positive
19300	Positive
19301	Positive
19302	Positive
19303	Positive
19304	Positive
19305	Positive
19306	Positive
19307	Positive
19308	Positive
19309	Positive
19310	Positive
19311	Positive
19312	Positive
19313	Positive
19314	Positive
19315	Positive
19316	Positive
19317	Positive
19318	Positive
19319	Positive
19320	Positive
19321	Positive
19322	Positive
19323	Positive
19324	Positive
19325	Positive
19326	Positive
19327	Positive
19328	Positive
19329	Positive
19330	Positive
19331	Positive
19332	Positive
19333	Positive
19334	Positive
19335	Positive
19336	Positive
19337	Positive
19338	Positive
19339	Positive
19340	Positive
19341	Positive
19342	Positive
19343	Positive
19344	Positive
19345	Positive
19346	Positive
19347	Positive
19348	Positive
19349	Positive
19350	Positive
19351	Positive
19352	Positive
19353	Positive
19354	Positive
19355	Positive
19356	Positive
19357	Positive
19358	Positive
19359	Positive
19360	Positive
19361	Positive
19362	Positive
19363	Positive
19364	Positive
19365	Positive
19366	Positive
19367	Positive
19368	Positive
19369	Positive
19370	Positive
19371	Positive
19372	Positive
19373	Positive
19374	Positive
19375	Positive
19376	Positive
19377	Positive
19378	Positive
19379	Positive
19380	Positive
19381	Positive
19382	Positive
19383	Positive
19384	Positive
19385	Positive
19386	Positive
19387	Positive
19388	Positive
19389	Positive
19390	Positive
19391	Positive
19392	Positive
19393	Positive
19394	Positive
19395	Positive
19396	Positive
19397	Positive
19398	Positive
19399	Positive
19400	Positive
19401	Positive
19402	Positive
19403	Positive
19404	Positive
19405	Positive
19406	Positive
19407	Positive
19408	Positive
19409	Positive
19410	Positive
19411	Positive
19412	Positive
19413	Positive
19414	Positive
19415	Positive
19416	Positive
19417	Positive
19418	Positive
19419	Positive
19420	Positive
19421	Positive
19422	Positive
19423	Positive
19424	Positive
19425	Positive
19426	Positive
19427	Positive
19428	Positive
19429	Positive
19430	Positive
19431	Positive
19432	Positive
19433	Positive
19434	Positive
19435	Positive
19436	Positive
19437	Positive
19438	Positive
19439	Positive
19440	Positive
19441	Positive
19442	Positive
19443	Positive
19444	Positive
19445	Positive
19446	Positive
19447	Positive
19448	Positive
19449	Positive
19450	Positive
19451	Positive
19452	Positive
19453	Positive
19454	Positive
19455	Positive
19456	Positive
19457	Positive
19458	Positive
19459	Positive
19460	Positive
19461	Positive
19462	Positive
19463	Positive
19464	Positive
19465	Positive
19466	Positive
19467	Positive
19468	Positive
19469	Positive
19470	Positive
19471	Positive
19472	Positive
19473	Positive
19474	Positive
19475	Positive
19476	Positive
19477	Positive
19478	Positive
19479	Positive
19480	Positive
19481	Positive
19482	Positive
19483	Positive
19484	Positive
19485	Positive
19486	Positive
19487	Positive
19488	Positive
19489	Positive
19490	Positive
19491	Positive
19492	Positive
19493	Positive
19494	Positive
19495	Positive
19496	Positive
19497	Positive
19498	Positive
19499	Positive
19500	Positive
19501	Positive
19502	Positive
19503	Positive
19504	Positive
19505	Positive
19506	Positive
19507	Positive
19508	Positive
19509	Positive
19510	Positive
19511	Positive
19512	Positive
19513	Positive
19514	Positive
19515	Positive
19516	Positive
19517	Positive
19518	Positive
19519	Positive
19520	Positive
19521	Positive
19522	Positive
19523	Positive
19524	Positive
19525	Positive
19526	Positive
19527	Positive
19528	Positive
19529	Positive
19530	Positive
19531	Positive
19532	Positive
19533	Positive
19534	Positive
19535	Positive
19536	Positive
19537	Positive
19538	Positive
19539	Positive
19540	Positive
19541	Positive
19542	Positive
19543	Positive
19544	Positive
19545	Positive
19546	Positive
19547	Positive
19548	Positive
19549	Positive
19550	Positive
19551	Positive
19552	Positive
19553	Positive
19554	Positive
19555	Positive
19556	Positive
19557	Positive
19558	Positive
19559	Positive
19560	Positive
19561	Positive
19562	Positive
19563	Positive
19564	Positive
19565	Positive
19566	Positive
19567	Positive
19568	Positive
19569	Positive
19570	Positive
19571	Positive
19572	Positive
19573	Positive
19574	Positive
19575	Positive
19576	Positive
19577	Positive
19578	Positive
19579	Positive
19580	Positive
19581	Positive
19582	Positive
19583	Positive
19584	Positive
19585	Positive
19586	Positive
19587	Positive
19588	Positive
19589	Positive
19590	Positive
19591	Positive
19592	Positive
19593	Positive
19594	Positive
19595	Positive
19596	Positive
19597	Positive
19598	Positive
19599	Positive
19600	Positive
19601	Positive
19602	Positive
19603	Positive
19604	Positive
19605	Positive
19606	Positive
19607	Positive
19608	Positive
19609	Positive
19610	Positive
19611	Positive
19612	Positive
19613	Positive
19614	Positive
19615	Positive
19616	Positive
19617	Positive
19618	Positive
19619	Positive
19620	Positive
19621	Positive
19622	Positive
19623	Positive
19624	Positive
19625	Positive
19626	Positive
19627	Positive
19628	Positive
19629	Positive
19630	Positive
19631	Positive
19632	Positive
19633	Positive
19634	Positive
19635	Positive
19636	Positive
19637	Positive
19638	Positive
19639	Positive
19640	Positive
19641	Positive
19642	Positive
19643	Positive
19644	Positive
19645	Positive
19646	Positive
19647	Positive
19648	Positive
19649	Positive
19650	Positive
19651	Positive
19652	Positive
19653	Positive
19654	Positive
19655	Positive
19656	Positive
19657	Positive
19658	Positive
19659	Positive
19660	Positive
19661	Positive
19662	Positive
19663	Positive
19664	Positive
19665	Positive
19666	Positive
19667	Positive
19668	Positive
19669	Positive
19670	Positive
19671	Positive
19672	Positive
19673	Positive
19674	Positive
19675	Positive
19676	Positive
19677	Positive
19678	Positive
19679	Positive
19680	Positive
19681	Positive
19682	Positive
19683	Positive
19684	Positive
19685	Positive
19686	Positive
19687	Positive
19688	Positive
19689	Positive
19690	Positive
19691	Positive
19692	Positive
19693	Positive
19694	Positive
19695	Positive
19696	Positive
19697	Positive
19698	Positive
19699	Positive
19700	Positive
19701	Positive
19702	Positive
19703	Positive
19704	Positive
19705	Positive
19706	Positive
19707	Positive
19708	Positive
19709	Positive
19710	Positive
19711	Positive
19712	Positive
19713	Positive
19714	Positive
19715	Positive
19716	Positive
19717	Positive
19718	Positive
19719	Positive
19720	Positive
19721	Positive
19722	Positive
19723	Positive
19724	Positive
19725	Positive
19726	Positive
19727	Positive
19728	Positive
19729	Positive
19730	Positive
19731	Positive
19732	Positive
19733	Positive
19734	Positive
19735	Positive
19736	Positive
19737	Positive
19738	Positive
19739	Positive
19740	Positive
19741	Positive
19742	Positive
19743	Positive
19744	Positive
19745	Positive
19746	Positive
19747	Positive
19748	Positive
19749	Positive
19750	Positive
19751	Positive
19752	Positive
19753	Positive
19754	Positive
19755	Positive
19756	Positive
19757	Positive
19758	Positive
19759	Positive
19760	Positive
19761	Positive
19762	Positive
19763	Positive
19764	Positive
19765	Positive
19766	Positive
19767	Positive
19768	Positive
19769	Positive
19770	Positive
19771	Positive
19772	Positive
19773	Positive
19774	Positive
19775	Positive
19776	Positive
19777	Positive
19778	Positive
19779	Positive
19780	Positive
19781	Positive
19782	Positive
19783	Positive
19784	Positive
19785	Positive
19786	Positive
19787	Positive
19788	Positive
19789	Positive
19790	Positive
19791	Positive
19792	Positive
19793	Positive
19794	Positive
19795	Positive
19796	Positive
19797	Positive
19798	Positive
19799	Positive
19800	Positive
19801	Positive
19802	Positive
19803	Positive
19804	Positive
19805	Positive
19806	Positive
19807	Positive
19808	Positive
19809	Positive
19810	Positive
19811	Positive
19812	Positive
19813	Positive
19814	Positive
19815	Positive
19816	Positive
19817	Positive
19818	Positive
19819	Positive
19820	Positive
19821	Positive
19822	Positive
19823	Positive
19824	Positive
19825	Positive
19826	Positive
19827	Positive
19828	Positive
19829	Positive
19830	Positive
19831	Positive
19832	Positive
19833	Positive
19834	Positive
19835	Positive
19836	Positive
19837	Positive
19838	Positive
19839	Positive
19840	Positive
19841	Positive
19842	Positive
19843	Positive
19844	Positive
19845	Positive
19846	Positive
19847	Positive
19848	Positive
19849	Positive
19850	Positive
19851	Positive
19852	Positive
19853	Positive
19854	Positive
19855	Positive
19856	Positive
19857	Positive
19858	Positive
19859	Positive
19860	Positive
19861	Positive
19862	Positive
19863	Positive
19864	Positive
19865	Positive
19866	Positive
19867	Positive
19868	Positive
19869	Positive
19870	Positive
19871	Positive
19872	Positive
19873	Positive
19874	Positive
19875	Positive
19876	Positive
19877	Positive
19878	Positive
19879	Positive
19880	Positive
19881	Positive
19882	Positive
19883	Positive
19884	Positive
19885	Positive
19886	Positive
19887	Positive
19888	Positive
19889	Positive
19890	Positive
19891	Positive
19892	Positive
19893	Positive
19894	Positive
19895	Positive
19896	Positive
19897	Positive
19898	Positive
19899	Positive
19900	Positive
19901	Positive
19902	Positive
19903	Positive
19904	Positive
19905	Positive
19906	Positive
19907	Positive
19908	Positive
19909	Positive
19910	Positive
19911	Positive
19912	Positive
19913	Positive
19914	Positive
19915	Positive
19916	Positive
19917	Positive
19918	Positive
19919	Positive
19920	Positive
19921	Positive
19922	Positive
19923	Positive
19924	Positive
19925	Positive
19926	Positive
19927	Positive
19928	Positive
19929	Positive
19930	Positive
19931	Positive
19932	Positive
19933	Positive
19934	Positive
19935	Positive
19936	Positive
19937	Positive
19938	Positive
19939	Positive
19940	Positive
19941	Positive
19942	Positive
19943	Positive
19944	Positive
19945	Positive
19946	Positive
19947	Positive
19948	Positive
19949	Positive
19950	Positive
19951	Positive
19952	Positive
19953	Positive
19954	Positive
19955	Positive
19956	Positive
19957	Positive
19958	Positive
19959	Positive
19960	Positive
19961	Positive
19962	Positive
19963	Positive
19964	Positive
19965	Positive
19966	Positive
19967	Positive
19968	Positive
19969	Positive
19970	Positive
19971	Positive
19972	Positive
19973	Positive
19974	Positive
19975	Positive
19976	Positive
19977	Positive
19978	Positive
19979	Positive
19980	Positive
19981	Positive
19982	Positive
19983	Positive
19984	Positive
19985	Positive
19986	Positive
19987	Positive
19988	Positive
19989	Positive
19990	Positive
19991	Positive
19992	Positive
19993	Positive
19994	Positive
19995	Positive
19996	Positive
19997	Positive
19998	Positive
